model,policy,val_macro_f1,test_macro_f1,test_macro_precision,test_macro_recall,test_macro_pr_auc,test_macro_auroc,test_macro_f1_at_0.5,train_seconds
xgboost,drop,0.5654934755381431,0.46829758905017477,0.44794194636942536,0.5167194552193636,0.4509279453102339,0.8207700156728929,0.44666837104968216,123.5
random_forest,drop,0.564376298439587,0.464142545381393,0.4543339900452434,0.5107080591978563,0.4444628450812007,0.8051774766895252,0.38582101049303114,90.3
random_forest,intersection,0.5607422562135579,0.4597201040957671,0.4460761715435133,0.4979447860192863,0.4442938169698163,0.7879331219144231,0.2755460177361835,100.4
xgboost,intersection,0.5544906873728064,0.4492528965184628,0.4160789882392591,0.5129321319863767,0.45066424577409664,0.8140602409377674,0.41072450046859926,150.9
xgboost,union,0.5187215770374506,0.4240839363405006,0.4118747833330077,0.48005727199923837,0.41207219092947683,0.8298605326057085,0.436869970272827,146.0
random_forest,union,0.5172749473459334,0.4213529577371052,0.39839725258334474,0.48645217042427896,0.40312714977988934,0.8225741597859374,0.429225884948014,113.5
gnn,drop,0.49660411510682884,0.4055412873625248,0.3672829266505271,0.49542870555508606,0.36024026348503363,0.7781233617781312,0.38329684175246864,127.5
mlp,drop,0.49618761213182055,0.39534259733718374,0.3588751483609649,0.4774232978413826,0.36099244788951296,0.7848041121817424,0.39628366228149786,13.7
mlp,intersection,0.4902366458959227,0.3719551697526237,0.3450651306629015,0.4154396905404097,0.35006128880862913,0.7718124882340346,0.3867376767586162,10.8
mlp,union,0.4670544393740954,0.3650725032180653,0.3568570814519528,0.41154536305709405,0.34875032832344827,0.776930816294454,0.37557510942078776,11.9
